firstName,lastName,email,age
John,Doe,john.doe@email.com,30
Jane,Smith,jane.smith@email.com,28
Bob,Johnson,bob.johnson@email.com,45
Alice,Williams,alice.williams@email.com,35
Tom,,tom.brown@email.com,41
Sarah,,sarah.davis@email.com,-26
,Miller,michael.miller@email.com,-38
,Wilson,emma.wilson@email.com,29
Chris,Moore,chris.moore@email.com,-33
Sophie,Taylor,sophie.taylor@email.com,31
Lisa,Anderson,john.doe@email.com,27
Peter,Thomas,jane.smith@email.com,40
Mary,Jones,tom.brown@email.com.com,25
David,White,tom.brown@email.com,36
Olivia,,tom.brown@email.com,-0
